venue,court_id,court,slot,status,observed_at
pisecna,20b5ce4e-5c85-4205-b8c3-0a6d1b970181,Center court,08:00,booked,2026-10-10T07:35:03+02:00
pisecna,20b5ce4e-5c85-4205-b8c3-0a6d1b970181,Center court,08:30,booked,2026-10-10T08:05:06+02:00
pisecna,20b5ce4e-5c85-4205-b8c3-0a6d1b970181,Center court,09:00,booked,2026-10-10T08:35:06+02:00
pisecna,20b5ce4e-5c85-4205-b8c3-0a6d1b970181,Center court,09:30,booked,2026-10-10T09:05:07+02:00
pisecna,20b5ce4e-5c85-4205-b8c3-0a6d1b970181,Center court,10:00,booked,2026-10-10T09:35:06+02:00
pisecna,20b5ce4e-5c85-4205-b8c3-0a6d1b970181,Center court,10:30,booked,2026-10-10T10:05:06+02:00
pisecna,20b5ce4e-5c85-4205-b8c3-0a6d1b970181,Center court,11:00,free,2026-10-10T10:35:06+02:00
pisecna,20b5ce4e-5c85-4205-b8c3-0a6d1b970181,Center court,11:30,booked,2026-10-10T11:05:05+02:00
pisecna,20b5ce4e-5c85-4205-b8c3-0a6d1b970181,Center court,12:00,booked,2026-10-10T11:35:06+02:00
pisecna,20b5ce4e-5c85-4205-b8c3-0a6d1b970181,Center court,12:30,booked,2026-10-10T12:05:06+02:00
pisecna,20b5ce4e-5c85-4205-b8c3-0a6d1b970181,Center court,13:00,booked,2026-10-10T12:35:07+02:00
pisecna,20b5ce4e-5c85-4205-b8c3-0a6d1b970181,Center court,13:30,booked,2026-10-10T13:05:06+02:00
pisecna,20b5ce4e-5c85-4205-b8c3-0a6d1b970181,Center court,14:00,booked,2026-10-10T13:35:03+02:00
pisecna,20b5ce4e-5c85-4205-b8c3-0a6d1b970181,Center court,14:30,booked,2026-10-10T14:05:06+02:00
pisecna,20b5ce4e-5c85-4205-b8c3-0a6d1b970181,Center court,15:00,booked,2026-10-10T14:35:03+02:00
pisecna,20b5ce4e-5c85-4205-b8c3-0a6d1b970181,Center court,15:30,booked,2026-10-10T15:05:07+02:00
pisecna,20b5ce4e-5c85-4205-b8c3-0a6d1b970181,Center court,16:00,booked,2026-10-10T15:35:06+02:00
pisecna,20b5ce4e-5c85-4205-b8c3-0a6d1b970181,Center court,16:30,booked,2026-10-10T16:05:05+02:00
pisecna,20b5ce4e-5c85-4205-b8c3-0a6d1b970181,Center court,17:00,booked,2026-10-10T16:35:05+02:00
pisecna,20b5ce4e-5c85-4205-b8c3-0a6d1b970181,Center court,17:30,booked,2026-10-10T17:05:04+02:00
pisecna,20b5ce4e-5c85-4205-b8c3-0a6d1b970181,Center court,18:00,booked,2026-10-10T17:35:06+02:00
pisecna,20b5ce4e-5c85-4205-b8c3-0a6d1b970181,Center court,18:30,booked,2026-10-10T17:35:06+02:00
pisecna,20b5ce4e-5c85-4205-b8c3-0a6d1b970181,Center court,19:00,booked,2026-10-10T17:35:06+02:00
pisecna,20b5ce4e-5c85-4205-b8c3-0a6d1b970181,Center court,19:30,booked,2026-10-10T17:35:06+02:00
pisecna,20b5ce4e-5c85-4205-b8c3-0a6d1b970181,Center court,20:00,booked,2026-10-10T17:35:06+02:00
pisecna,20b5ce4e-5c85-4205-b8c3-0a6d1b970181,Center court,20:30,booked,2026-10-10T17:35:06+02:00
pisecna,20b5ce4e-5c85-4205-b8c3-0a6d1b970181,Center court,21:00,booked,2026-10-10T17:35:06+02:00
pisecna,20b5ce4e-5c85-4205-b8c3-0a6d1b970181,Center court,21:30,booked,2026-10-10T17:35:06+02:00
pisecna,4968ca89-5a4a-4809-9d93-aecd448a045f,Court 1,08:00,booked,2026-10-10T07:35:03+02:00
pisecna,4968ca89-5a4a-4809-9d93-aecd448a045f,Court 1,08:30,booked,2026-10-10T08:05:06+02:00
pisecna,4968ca89-5a4a-4809-9d93-aecd448a045f,Court 1,09:00,booked,2026-10-10T08:35:06+02:00
pisecna,4968ca89-5a4a-4809-9d93-aecd448a045f,Court 1,09:30,booked,2026-10-10T09:05:07+02:00
pisecna,4968ca89-5a4a-4809-9d93-aecd448a045f,Court 1,10:00,booked,2026-10-10T09:35:06+02:00
pisecna,4968ca89-5a4a-4809-9d93-aecd448a045f,Court 1,10:30,booked,2026-10-10T10:05:06+02:00
pisecna,4968ca89-5a4a-4809-9d93-aecd448a045f,Court 1,11:00,free,2026-10-10T10:35:06+02:00
pisecna,4968ca89-5a4a-4809-9d93-aecd448a045f,Court 1,11:30,booked,2026-10-10T11:05:05+02:00
pisecna,4968ca89-5a4a-4809-9d93-aecd448a045f,Court 1,12:00,booked,2026-10-10T11:35:06+02:00
pisecna,4968ca89-5a4a-4809-9d93-aecd448a045f,Court 1,12:30,booked,2026-10-10T12:05:06+02:00
pisecna,4968ca89-5a4a-4809-9d93-aecd448a045f,Court 1,13:00,booked,2026-10-10T12:35:07+02:00
pisecna,4968ca89-5a4a-4809-9d93-aecd448a045f,Court 1,13:30,booked,2026-10-10T13:05:06+02:00
pisecna,4968ca89-5a4a-4809-9d93-aecd448a045f,Court 1,14:00,booked,2026-10-10T13:35:03+02:00
pisecna,4968ca89-5a4a-4809-9d93-aecd448a045f,Court 1,14:30,booked,2026-10-10T14:05:06+02:00
pisecna,4968ca89-5a4a-4809-9d93-aecd448a045f,Court 1,15:00,booked,2026-10-10T14:35:03+02:00
pisecna,4968ca89-5a4a-4809-9d93-aecd448a045f,Court 1,15:30,booked,2026-10-10T15:05:07+02:00
pisecna,4968ca89-5a4a-4809-9d93-aecd448a045f,Court 1,16:00,booked,2026-10-10T15:35:06+02:00
pisecna,4968ca89-5a4a-4809-9d93-aecd448a045f,Court 1,16:30,booked,2026-10-10T16:05:05+02:00
pisecna,4968ca89-5a4a-4809-9d93-aecd448a045f,Court 1,17:00,booked,2026-10-10T16:35:05+02:00
pisecna,4968ca89-5a4a-4809-9d93-aecd448a045f,Court 1,17:30,booked,2026-10-10T17:05:04+02:00
pisecna,4968ca89-5a4a-4809-9d93-aecd448a045f,Court 1,18:00,booked,2026-10-10T17:35:06+02:00
pisecna,4968ca89-5a4a-4809-9d93-aecd448a045f,Court 1,18:30,booked,2026-10-10T17:35:06+02:00
pisecna,4968ca89-5a4a-4809-9d93-aecd448a045f,Court 1,19:00,booked,2026-10-10T17:35:06+02:00
pisecna,4968ca89-5a4a-4809-9d93-aecd448a045f,Court 1,19:30,booked,2026-10-10T17:35:06+02:00
pisecna,4968ca89-5a4a-4809-9d93-aecd448a045f,Court 1,20:00,booked,2026-10-10T17:35:06+02:00
pisecna,4968ca89-5a4a-4809-9d93-aecd448a045f,Court 1,20:30,booked,2026-10-10T17:35:06+02:00
pisecna,4968ca89-5a4a-4809-9d93-aecd448a045f,Court 1,21:00,booked,2026-10-10T17:35:06+02:00
pisecna,4968ca89-5a4a-4809-9d93-aecd448a045f,Court 1,21:30,booked,2026-10-10T17:35:06+02:00
pisecna,7efed5be-31bd-4e39-a00a-47fb979ffda6,Court 2 - Roofed,08:00,booked,2026-10-10T07:35:03+02:00
pisecna,7efed5be-31bd-4e39-a00a-47fb979ffda6,Court 2 - Roofed,08:30,booked,2026-10-10T08:05:06+02:00
pisecna,7efed5be-31bd-4e39-a00a-47fb979ffda6,Court 2 - Roofed,09:00,booked,2026-10-10T08:35:06+02:00
pisecna,7efed5be-31bd-4e39-a00a-47fb979ffda6,Court 2 - Roofed,09:30,booked,2026-10-10T09:05:07+02:00
pisecna,7efed5be-31bd-4e39-a00a-47fb979ffda6,Court 2 - Roofed,10:00,booked,2026-10-10T09:35:06+02:00
pisecna,7efed5be-31bd-4e39-a00a-47fb979ffda6,Court 2 - Roofed,10:30,booked,2026-10-10T10:05:06+02:00
pisecna,7efed5be-31bd-4e39-a00a-47fb979ffda6,Court 2 - Roofed,11:00,booked,2026-10-10T10:35:06+02:00
pisecna,7efed5be-31bd-4e39-a00a-47fb979ffda6,Court 2 - Roofed,11:30,booked,2026-10-10T11:05:05+02:00
pisecna,7efed5be-31bd-4e39-a00a-47fb979ffda6,Court 2 - Roofed,12:00,booked,2026-10-10T11:35:06+02:00
pisecna,7efed5be-31bd-4e39-a00a-47fb979ffda6,Court 2 - Roofed,12:30,booked,2026-10-10T12:05:06+02:00
pisecna,7efed5be-31bd-4e39-a00a-47fb979ffda6,Court 2 - Roofed,13:00,booked,2026-10-10T12:35:07+02:00
pisecna,7efed5be-31bd-4e39-a00a-47fb979ffda6,Court 2 - Roofed,13:30,booked,2026-10-10T13:05:06+02:00
pisecna,7efed5be-31bd-4e39-a00a-47fb979ffda6,Court 2 - Roofed,14:00,booked,2026-10-10T13:35:03+02:00
pisecna,7efed5be-31bd-4e39-a00a-47fb979ffda6,Court 2 - Roofed,14:30,booked,2026-10-10T14:05:06+02:00
pisecna,7efed5be-31bd-4e39-a00a-47fb979ffda6,Court 2 - Roofed,15:00,booked,2026-10-10T14:35:03+02:00
pisecna,7efed5be-31bd-4e39-a00a-47fb979ffda6,Court 2 - Roofed,15:30,booked,2026-10-10T15:05:07+02:00
pisecna,7efed5be-31bd-4e39-a00a-47fb979ffda6,Court 2 - Roofed,16:00,booked,2026-10-10T15:35:06+02:00
pisecna,7efed5be-31bd-4e39-a00a-47fb979ffda6,Court 2 - Roofed,16:30,booked,2026-10-10T16:05:05+02:00
pisecna,7efed5be-31bd-4e39-a00a-47fb979ffda6,Court 2 - Roofed,17:00,booked,2026-10-10T16:35:05+02:00
pisecna,7efed5be-31bd-4e39-a00a-47fb979ffda6,Court 2 - Roofed,17:30,booked,2026-10-10T17:05:04+02:00
pisecna,7efed5be-31bd-4e39-a00a-47fb979ffda6,Court 2 - Roofed,18:00,booked,2026-10-10T17:35:06+02:00
pisecna,7efed5be-31bd-4e39-a00a-47fb979ffda6,Court 2 - Roofed,18:30,booked,2026-10-10T17:35:06+02:00
pisecna,7efed5be-31bd-4e39-a00a-47fb979ffda6,Court 2 - Roofed,19:00,booked,2026-10-10T17:35:06+02:00
pisecna,7efed5be-31bd-4e39-a00a-47fb979ffda6,Court 2 - Roofed,19:30,booked,2026-10-10T17:35:06+02:00
pisecna,7efed5be-31bd-4e39-a00a-47fb979ffda6,Court 2 - Roofed,20:00,booked,2026-10-10T17:35:06+02:00
pisecna,7efed5be-31bd-4e39-a00a-47fb979ffda6,Court 2 - Roofed,20:30,booked,2026-10-10T17:35:06+02:00
pisecna,7efed5be-31bd-4e39-a00a-47fb979ffda6,Court 2 - Roofed,21:00,booked,2026-10-10T17:35:06+02:00
pisecna,7efed5be-31bd-4e39-a00a-47fb979ffda6,Court 2 - Roofed,21:30,booked,2026-10-10T17:35:06+02:00
pisecna,b95bb160-fa7d-464c-a9a2-ab028d305e4f,Court 3 - Roofed,08:00,booked,2026-10-10T07:35:03+02:00
pisecna,b95bb160-fa7d-464c-a9a2-ab028d305e4f,Court 3 - Roofed,08:30,booked,2026-10-10T08:05:06+02:00
pisecna,b95bb160-fa7d-464c-a9a2-ab028d305e4f,Court 3 - Roofed,09:00,booked,2026-10-10T08:35:06+02:00
pisecna,b95bb160-fa7d-464c-a9a2-ab028d305e4f,Court 3 - Roofed,09:30,booked,2026-10-10T09:05:07+02:00
pisecna,b95bb160-fa7d-464c-a9a2-ab028d305e4f,Court 3 - Roofed,10:00,booked,2026-10-10T09:35:06+02:00
pisecna,b95bb160-fa7d-464c-a9a2-ab028d305e4f,Court 3 - Roofed,10:30,booked,2026-10-10T10:05:06+02:00
pisecna,b95bb160-fa7d-464c-a9a2-ab028d305e4f,Court 3 - Roofed,11:00,booked,2026-10-10T10:35:06+02:00
pisecna,b95bb160-fa7d-464c-a9a2-ab028d305e4f,Court 3 - Roofed,11:30,booked,2026-10-10T11:05:05+02:00
pisecna,b95bb160-fa7d-464c-a9a2-ab028d305e4f,Court 3 - Roofed,12:00,booked,2026-10-10T11:35:06+02:00
pisecna,b95bb160-fa7d-464c-a9a2-ab028d305e4f,Court 3 - Roofed,12:30,booked,2026-10-10T12:05:06+02:00
pisecna,b95bb160-fa7d-464c-a9a2-ab028d305e4f,Court 3 - Roofed,13:00,booked,2026-10-10T12:35:07+02:00
pisecna,b95bb160-fa7d-464c-a9a2-ab028d305e4f,Court 3 - Roofed,13:30,booked,2026-10-10T13:05:06+02:00
pisecna,b95bb160-fa7d-464c-a9a2-ab028d305e4f,Court 3 - Roofed,14:00,booked,2026-10-10T13:35:03+02:00
pisecna,b95bb160-fa7d-464c-a9a2-ab028d305e4f,Court 3 - Roofed,14:30,booked,2026-10-10T14:05:06+02:00
pisecna,b95bb160-fa7d-464c-a9a2-ab028d305e4f,Court 3 - Roofed,15:00,booked,2026-10-10T14:35:03+02:00
pisecna,b95bb160-fa7d-464c-a9a2-ab028d305e4f,Court 3 - Roofed,15:30,booked,2026-10-10T15:05:07+02:00
pisecna,b95bb160-fa7d-464c-a9a2-ab028d305e4f,Court 3 - Roofed,16:00,booked,2026-10-10T15:35:06+02:00
pisecna,b95bb160-fa7d-464c-a9a2-ab028d305e4f,Court 3 - Roofed,16:30,booked,2026-10-10T16:05:05+02:00
pisecna,b95bb160-fa7d-464c-a9a2-ab028d305e4f,Court 3 - Roofed,17:00,booked,2026-10-10T16:35:05+02:00
pisecna,b95bb160-fa7d-464c-a9a2-ab028d305e4f,Court 3 - Roofed,17:30,booked,2026-10-10T17:05:04+02:00
pisecna,b95bb160-fa7d-464c-a9a2-ab028d305e4f,Court 3 - Roofed,18:00,booked,2026-10-10T17:35:06+02:00
pisecna,b95bb160-fa7d-464c-a9a2-ab028d305e4f,Court 3 - Roofed,18:30,booked,2026-10-10T17:35:06+02:00
pisecna,b95bb160-fa7d-464c-a9a2-ab028d305e4f,Court 3 - Roofed,19:00,booked,2026-10-10T17:35:06+02:00
pisecna,b95bb160-fa7d-464c-a9a2-ab028d305e4f,Court 3 - Roofed,19:30,booked,2026-10-10T17:35:06+02:00
pisecna,b95bb160-fa7d-464c-a9a2-ab028d305e4f,Court 3 - Roofed,20:00,booked,2026-10-10T17:35:06+02:00
pisecna,b95bb160-fa7d-464c-a9a2-ab028d305e4f,Court 3 - Roofed,20:30,booked,2026-10-10T17:35:06+02:00
pisecna,b95bb160-fa7d-464c-a9a2-ab028d305e4f,Court 3 - Roofed,21:00,booked,2026-10-10T17:35:06+02:00
pisecna,b95bb160-fa7d-464c-a9a2-ab028d305e4f,Court 3 - Roofed,21:30,booked,2026-10-10T17:35:06+02:00
sparta,0,Padel 1,08:00,free,2026-10-10T17:35:06+02:00
sparta,0,Padel 1,08:30,free,2026-10-10T17:35:06+02:00
sparta,0,Padel 1,09:00,free,2026-10-10T17:35:06+02:00
sparta,0,Padel 1,09:30,free,2026-10-10T17:35:06+02:00
sparta,0,Padel 1,10:00,free,2026-10-10T17:35:06+02:00
sparta,0,Padel 1,10:30,free,2026-10-10T17:35:06+02:00
sparta,0,Padel 1,11:00,free,2026-10-10T17:35:06+02:00
sparta,0,Padel 1,11:30,free,2026-10-10T17:35:06+02:00
sparta,0,Padel 1,12:00,free,2026-10-10T17:35:06+02:00
sparta,0,Padel 1,12:30,free,2026-10-10T17:35:06+02:00
sparta,0,Padel 1,13:00,free,2026-10-10T17:35:06+02:00
sparta,0,Padel 1,13:30,free,2026-10-10T17:35:06+02:00
sparta,0,Padel 1,14:00,free,2026-10-10T17:35:06+02:00
sparta,0,Padel 1,14:30,free,2026-10-10T17:35:06+02:00
sparta,0,Padel 1,15:00,free,2026-10-10T17:35:06+02:00
sparta,0,Padel 1,15:30,free,2026-10-10T17:35:06+02:00
sparta,0,Padel 1,16:00,free,2026-10-10T17:35:06+02:00
sparta,0,Padel 1,16:30,free,2026-10-10T17:35:06+02:00
sparta,0,Padel 1,17:00,free,2026-10-10T17:35:06+02:00
sparta,0,Padel 1,17:30,free,2026-10-10T17:35:06+02:00
sparta,0,Padel 1,18:00,free,2026-10-10T17:35:06+02:00
sparta,0,Padel 1,18:30,booked,2026-10-10T17:35:06+02:00
sparta,0,Padel 1,19:00,booked,2026-10-10T17:35:06+02:00
sparta,0,Padel 1,19:30,booked,2026-10-10T17:35:06+02:00
sparta,0,Padel 1,20:00,free,2026-10-10T17:35:06+02:00
sparta,0,Padel 1,20:30,free,2026-10-10T17:35:06+02:00
sparta,1,Padel 2,08:00,free,2026-10-10T17:35:06+02:00
sparta,1,Padel 2,08:30,free,2026-10-10T17:35:06+02:00
sparta,1,Padel 2,09:00,free,2026-10-10T17:35:06+02:00
sparta,1,Padel 2,09:30,free,2026-10-10T17:35:06+02:00
sparta,1,Padel 2,10:00,booked,2026-10-10T17:35:06+02:00
sparta,1,Padel 2,10:30,booked,2026-10-10T17:35:06+02:00
sparta,1,Padel 2,11:00,booked,2026-10-10T17:35:06+02:00
sparta,1,Padel 2,11:30,free,2026-10-10T17:35:06+02:00
sparta,1,Padel 2,12:00,free,2026-10-10T17:35:06+02:00
sparta,1,Padel 2,12:30,free,2026-10-10T17:35:06+02:00
sparta,1,Padel 2,13:00,free,2026-10-10T17:35:06+02:00
sparta,1,Padel 2,13:30,free,2026-10-10T17:35:06+02:00
sparta,1,Padel 2,14:00,free,2026-10-10T17:35:06+02:00
sparta,1,Padel 2,14:30,free,2026-10-10T17:35:06+02:00
sparta,1,Padel 2,15:00,free,2026-10-10T17:35:06+02:00
sparta,1,Padel 2,15:30,free,2026-10-10T17:35:06+02:00
sparta,1,Padel 2,16:00,free,2026-10-10T17:35:06+02:00
sparta,1,Padel 2,16:30,free,2026-10-10T17:35:06+02:00
sparta,1,Padel 2,17:00,free,2026-10-10T17:35:06+02:00
sparta,1,Padel 2,17:30,free,2026-10-10T17:35:06+02:00
sparta,1,Padel 2,18:00,free,2026-10-10T17:35:06+02:00
sparta,1,Padel 2,18:30,free,2026-10-10T17:35:06+02:00
sparta,1,Padel 2,19:00,free,2026-10-10T17:35:06+02:00
sparta,1,Padel 2,19:30,free,2026-10-10T17:35:06+02:00
sparta,1,Padel 2,20:00,free,2026-10-10T17:35:06+02:00
sparta,1,Padel 2,20:30,free,2026-10-10T17:35:06+02:00
wilson,16,1 Padel,07:00,free,2026-10-10T17:35:06+02:00
wilson,16,1 Padel,07:30,free,2026-10-10T17:35:06+02:00
wilson,16,1 Padel,08:00,free,2026-10-10T17:35:06+02:00
wilson,16,1 Padel,08:30,free,2026-10-10T17:35:06+02:00
wilson,16,1 Padel,09:00,free,2026-10-10T17:35:06+02:00
wilson,16,1 Padel,09:30,free,2026-10-10T17:35:06+02:00
wilson,16,1 Padel,10:00,free,2026-10-10T17:35:06+02:00
wilson,16,1 Padel,10:30,free,2026-10-10T17:35:06+02:00
wilson,16,1 Padel,11:00,free,2026-10-10T17:35:06+02:00
wilson,16,1 Padel,11:30,free,2026-10-10T17:35:06+02:00
wilson,16,1 Padel,12:00,free,2026-10-10T17:35:06+02:00
wilson,16,1 Padel,12:30,free,2026-10-10T17:35:06+02:00
wilson,16,1 Padel,13:00,free,2026-10-10T17:35:06+02:00
wilson,16,1 Padel,13:30,free,2026-10-10T17:35:06+02:00
wilson,16,1 Padel,14:00,free,2026-10-10T17:35:06+02:00
wilson,16,1 Padel,14:30,free,2026-10-10T17:35:06+02:00
wilson,16,1 Padel,15:00,free,2026-10-10T17:35:06+02:00
wilson,16,1 Padel,15:30,free,2026-10-10T17:35:06+02:00
wilson,16,1 Padel,16:00,free,2026-10-10T17:35:06+02:00
wilson,16,1 Padel,16:30,free,2026-10-10T17:35:06+02:00
wilson,16,1 Padel,17:00,free,2026-10-10T17:35:06+02:00
wilson,16,1 Padel,17:30,free,2026-10-10T17:35:06+02:00
wilson,16,1 Padel,18:00,free,2026-10-10T17:35:06+02:00
wilson,16,1 Padel,18:30,free,2026-10-10T17:35:06+02:00
wilson,16,1 Padel,19:00,free,2026-10-10T17:35:06+02:00
wilson,16,1 Padel,19:30,free,2026-10-10T17:35:06+02:00
wilson,16,1 Padel,20:00,free,2026-10-10T17:35:06+02:00
wilson,16,1 Padel,20:30,free,2026-10-10T17:35:06+02:00
wilson,16,1 Padel,21:00,free,2026-10-10T17:35:06+02:00
wilson,16,1 Padel,21:30,free,2026-10-10T17:35:06+02:00
wilson,17,2 Padel,07:00,free,2026-10-10T17:35:06+02:00
wilson,17,2 Padel,07:30,free,2026-10-10T17:35:06+02:00
wilson,17,2 Padel,08:00,free,2026-10-10T17:35:06+02:00
wilson,17,2 Padel,08:30,free,2026-10-10T17:35:06+02:00
wilson,17,2 Padel,09:00,free,2026-10-10T17:35:06+02:00
wilson,17,2 Padel,09:30,free,2026-10-10T17:35:06+02:00
wilson,17,2 Padel,10:00,free,2026-10-10T17:35:06+02:00
wilson,17,2 Padel,10:30,free,2026-10-10T17:35:06+02:00
wilson,17,2 Padel,11:00,free,2026-10-10T17:35:06+02:00
wilson,17,2 Padel,11:30,free,2026-10-10T17:35:06+02:00
wilson,17,2 Padel,12:00,free,2026-10-10T17:35:06+02:00
wilson,17,2 Padel,12:30,free,2026-10-10T17:35:06+02:00
wilson,17,2 Padel,13:00,free,2026-10-10T17:35:06+02:00
wilson,17,2 Padel,13:30,free,2026-10-10T17:35:06+02:00
wilson,17,2 Padel,14:00,free,2026-10-10T17:35:06+02:00
wilson,17,2 Padel,14:30,free,2026-10-10T17:35:06+02:00
wilson,17,2 Padel,15:00,free,2026-10-10T17:35:06+02:00
wilson,17,2 Padel,15:30,free,2026-10-10T17:35:06+02:00
wilson,17,2 Padel,16:00,free,2026-10-10T17:35:06+02:00
wilson,17,2 Padel,16:30,free,2026-10-10T17:35:06+02:00
wilson,17,2 Padel,17:00,free,2026-10-10T17:35:06+02:00
wilson,17,2 Padel,17:30,free,2026-10-10T17:35:06+02:00
wilson,17,2 Padel,18:00,free,2026-10-10T17:35:06+02:00
wilson,17,2 Padel,18:30,free,2026-10-10T17:35:06+02:00
wilson,17,2 Padel,19:00,free,2026-10-10T17:35:06+02:00
wilson,17,2 Padel,19:30,free,2026-10-10T17:35:06+02:00
wilson,17,2 Padel,20:00,free,2026-10-10T17:35:06+02:00
wilson,17,2 Padel,20:30,free,2026-10-10T17:35:06+02:00
wilson,17,2 Padel,21:00,free,2026-10-10T17:35:06+02:00
wilson,17,2 Padel,21:30,free,2026-10-10T17:35:06+02:00
