date,venue,name,courts,observed_slots,booked_slots,occupancy
2026-10-03,cisarska,Areál Císařská louka,3,72,59,0.8194
2026-10-03,cpa,CPA Arena (Czech Padel Academy),2,50,21,0.4200
2026-10-03,dzus,Padel Džus,4,104,72,0.6923
2026-10-03,forpadel,For Padel Zdiměřice,4,96,30,0.3125
2026-10-03,hagibor,Hagibor Padel Bohemians,1,30,6,0.2000
2026-10-03,modrany,LTC Modřany 2005,3,72,27,0.3750
2026-10-03,neride,TK Neridé,3,108,54,0.5000
2026-10-03,onepadel,One Padel Zličín,9,306,185,0.6046
2026-10-03,pisecna,Tenis & Padel klub Písečná,4,104,104,1.0000
2026-10-03,plechovka,PLECHOVKA Dubeč,3,66,22,0.3333
2026-10-03,powers,Padel Powers Smíchov,8,240,200,0.8333
2026-10-03,radotin,Padel Radotín,3,72,20,0.2778
2026-10-03,satalice,Padel Satalice,2,56,20,0.3571
2026-10-03,skysport,Sky Sport City Prosek,4,104,64,0.6154
2026-10-03,sparta,TK Sparta Praha,4,120,36,0.3000
2026-10-03,spoje,Padel Club Spoje,2,44,19,0.4318
2026-10-03,thecourt,The Court,2,56,0,0.0000
2026-10-03,vestec,Tenis Centrum HEAD Vestec,4,112,41,0.3661
2026-10-03,wilson,Wilson Tenis Centrum,2,46,0,0.0000
