observed_at,date,venue,result,courts,cells,error
2026-10-03T09:32:26+02:00,2026-10-03,spoje,ok,2,40,
2026-10-03T09:32:26+02:00,2026-10-03,pisecna,ok,4,96,
2026-10-03T09:32:26+02:00,2026-10-03,wilson,ok,2,46,
2026-10-03T09:32:26+02:00,2026-10-03,sparta,ok,2,52,
2026-10-03T09:37:22+02:00,2026-10-03,spoje,ok,2,40,
2026-10-03T09:37:22+02:00,2026-10-03,pisecna,ok,4,96,
2026-10-03T09:37:22+02:00,2026-10-03,wilson,ok,2,46,
2026-10-03T09:37:22+02:00,2026-10-03,sparta,ok,2,52,
2026-10-03T16:13:33+02:00,2026-10-03,spoje,ok,2,14,
2026-10-03T16:13:33+02:00,2026-10-03,pisecna,ok,4,44,
2026-10-03T16:13:33+02:00,2026-10-03,wilson,ok,2,46,
2026-10-03T16:13:33+02:00,2026-10-03,sparta,ok,2,52,
2026-10-03T16:35:06+02:00,2026-10-03,spoje,ok,2,12,
2026-10-03T16:35:06+02:00,2026-10-03,pisecna,ok,4,40,
2026-10-03T16:35:06+02:00,2026-10-03,wilson,ok,2,46,
2026-10-03T16:35:06+02:00,2026-10-03,sparta,ok,2,52,
